product_id,product_name,supplier_id,category_id,quantity_per_unit,unit_price,units_in_stock,units_on_order,reorder_level
2,Chang,1,1,24 - 12 oz bottles,19.0,17,40,25
3,Aniseed Syrup,1,2,12 - 550 ml bottles,10.0,13,70,25
11,Queso Cabrales,5,4,1 kg pkg.,21.0,22,30,30
21,Sir Rodney's Scones,8,3,24 pkgs. x 4 pieces,10.0,3,40,5
32,Mascarpone Fabioli,14,4,24 - 200 g pkgs.,32.0,9,40,25
37,Gravad lax,17,8,12 - 500 g pkgs.,26.0,11,50,25
43,Ipoh Coffee,20,1,16 - 500 g tins,46.0,17,10,25
45,Rogede sild,21,8,1k pkg.,9.5,5,70,15
48,Chocolade,22,3,10 pkgs.,12.75,15,70,25
49,Maxilaku,23,3,24 - 50 g pkgs.,20.0,10,60,15
56,Gnocchi di nonna Alice,26,5,24 - 250 g pkgs.,38.0,21,10,30
64,Wimmers gute Semmelknödel,12,5,20 bags x 4 pieces,33.25,22,80,30
66,Louisiana Hot Spiced Okra,2,2,24 - 8 oz jars,17.0,4,100,20
68,Scottish Longbreads,8,3,10 boxes x 8 pieces,12.5,6,10,15
70,Outback Lager,7,1,24 - 355 ml bottles,15.0,15,10,30
74,Longlife Tofu,4,7,5 kg pkg.,10.0,4,20,5
