order_id,customer_id,employee_id,order_date,required_date,shipped_date,freight,ship_name,ship_address,ship_city,ship_region,ship_postal_code,ship_country
10257,HILAA,4,1996-07-16,1996-08-13,1996-07-22,81.91,HILARION-Abastos,Carrera 22 con Ave. Carlos Soublette #8-35,San Cristóbal,Táchira,5022,Venezuela
10262,RATTC,8,1996-07-22,1996-08-19,1996-07-25,48.29,Rattlesnake Canyon Grocery,2817 Milton Dr.,Albuquerque,NM,87110,USA
10268,GROSR,8,1996-07-30,1996-08-27,1996-08-02,66.29,GROSELLA-Restaurante,5ª Ave. Los Palos Grandes,Caracas,DF,1081,Venezuela
10269,WHITC,5,1996-07-31,1996-08-14,1996-08-09,4.56,White Clover Markets,1029 - 12th Ave. S.,Seattle,WA,98124,USA
10271,SPLIR,6,1996-08-01,1996-08-29,1996-08-30,4.54,Split Rail Beer & Ale,P.O. Box 555,Lander,WY,82520,USA
10272,RATTC,6,1996-08-02,1996-08-30,1996-08-06,98.03,Rattlesnake Canyon Grocery,2817 Milton Dr.,Albuquerque,NM,87110,USA
10283,LILAS,3,1996-08-16,1996-09-13,1996-08-23,84.81,LILA-Supermercado,Carrera 52 con Ave. Bolívar #65-98 Llano Largo,Barquisimeto,Lara,3508,Venezuela
10294,RATTC,4,1996-08-30,1996-09-27,1996-09-05,147.26,Rattlesnake Canyon Grocery,2817 Milton Dr.,Albuquerque,NM,87110,USA
10296,LILAS,6,1996-09-03,1996-10-01,1996-09-11,0.12,LILA-Supermercado,Carrera 52 con Ave. Bolívar #65-98 Llano Largo,Barquisimeto,Lara,3508,Venezuela
10305,OLDWO,8,1996-09-13,1996-10-11,1996-10-09,257.62,Old World Delicatessen,2743 Bering St.,Anchorage,AK,99508,USA
10307,LONEP,2,1996-09-17,1996-10-15,1996-09-25,0.56,Lonesome Pine Restaurant,89 Chiaroscuro Rd.,Portland,OR,97219,USA
10310,THEBI,8,1996-09-20,1996-10-18,1996-09-27,17.52,The Big Cheese,89 Jefferson Way Suite 2,Portland,OR,97201,USA
10314,RATTC,1,1996-09-25,1996-10-23,1996-10-04,74.16,Rattlesnake Canyon Grocery,2817 Milton Dr.,Albuquerque,NM,87110,USA
10315,ISLAT,4,1996-09-26,1996-10-24,1996-10-03,41.76,Island Trading,Garden House Crowther Way,Cowes,Isle of Wight,PO31 7PJ,UK
10316,RATTC,1,1996-09-27,1996-10-25,1996-10-08,150.15,Rattlesnake Canyon Grocery,2817 Milton Dr.,Albuquerque,NM,87110,USA
10317,LONEP,6,1996-09-30,1996-10-28,1996-10-10,12.69,Lonesome Pine Restaurant,89 Chiaroscuro Rd.,Portland,OR,97219,USA
10318,ISLAT,8,1996-10-01,1996-10-29,1996-10-04,4.73,Island Trading,Garden House Crowther Way,Cowes,Isle of Wight,PO31 7PJ,UK
10321,ISLAT,3,1996-10-03,1996-10-31,1996-10-11,3.43,Island Trading,Garden House Crowther Way,Cowes,Isle of Wight,PO31 7PJ,UK
10324,SAVEA,9,1996-10-08,1996-11-05,1996-10-10,214.27,Save-a-lot Markets,187 Suffolk Ln.,Boise,ID,83720,USA
10329,SPLIR,4,1996-10-15,1996-11-26,1996-10-23,191.67,Split Rail Beer & Ale,P.O. Box 555,Lander,WY,82520,USA
10330,LILAS,3,1996-10-16,1996-11-13,1996-10-28,12.75,LILA-Supermercado,Carrera 52 con Ave. Bolívar #65-98 Llano Largo,Barquisimeto,Lara,3508,Venezuela
10332,MEREP,3,1996-10-17,1996-11-28,1996-10-21,52.84,Mère Paillarde,43 rue St. Laurent,Montréal,Québec,H1J 1C3,Canada
10338,OLDWO,4,1996-10-25,1996-11-22,1996-10-29,84.21,Old World Delicatessen,2743 Bering St.,Anchorage,AK,99508,USA
10339,MEREP,2,1996-10-28,1996-11-25,1996-11-04,15.66,Mère Paillarde,43 rue St. Laurent,Montréal,Québec,H1J 1C3,Canada
10344,WHITC,4,1996-11-01,1996-11-29,1996-11-05,23.29,White Clover Markets,1029 - 12th Ave. S.,Seattle,WA,98124,USA
10346,RATTC,3,1996-11-05,1996-12-17,1996-11-08,142.08,Rattlesnake Canyon Grocery,2817 Milton Dr.,Albuquerque,NM,87110,USA
10349,SPLIR,7,1996-11-08,1996-12-06,1996-11-15,8.63,Split Rail Beer & Ale,P.O. Box 555,Lander,WY,82520,USA
10355,AROUT,6,1996-11-15,1996-12-13,1996-11-20,41.95,Around the Horn,Brook Farm Stratford St. Mary,Colchester,Essex,CO7 6JX,UK
10357,LILAS,1,1996-11-19,1996-12-17,1996-12-02,34.88,LILA-Supermercado,Carrera 52 con Ave. Bolívar #65-98 Llano Largo,Barquisimeto,Lara,3508,Venezuela
10369,SPLIR,8,1996-12-02,1996-12-30,1996-12-09,195.68,Split Rail Beer & Ale,P.O. Box 555,Lander,WY,82520,USA
10375,HUNGC,3,1996-12-06,1997-01-03,1996-12-09,20.12,Hungry Coyote Import Store,City Center Plaza 516 Main St.,Elgin,OR,97827,USA
10376,MEREP,1,1996-12-09,1997-01-06,1996-12-13,20.39,Mère Paillarde,43 rue St. Laurent,Montréal,Québec,H1J 1C3,Canada
10381,LILAS,3,1996-12-12,1997-01-09,1996-12-13,7.99,LILA-Supermercado,Carrera 52 con Ave. Bolívar #65-98 Llano Largo,Barquisimeto,Lara,3508,Venezuela
10383,AROUT,8,1996-12-16,1997-01-13,1996-12-18,34.24,Around the Horn,Brook Farm Stratford St. Mary,Colchester,Essex,CO7 6JX,UK
10385,SPLIR,1,1996-12-17,1997-01-14,1996-12-23,30.96,Split Rail Beer & Ale,P.O. Box 555,Lander,WY,82520,USA
10389,BOTTM,4,1996-12-20,1997-01-17,1996-12-24,47.42,Bottom-Dollar Markets,23 Tsawassen Blvd.,Tsawassen,BC,T2F 8M4,Canada
10393,SAVEA,1,1996-12-25,1997-01-22,1997-01-03,126.56,Save-a-lot Markets,187 Suffolk Ln.,Boise,ID,83720,USA
10394,HUNGC,1,1996-12-25,1997-01-22,1997-01-03,30.34,Hungry Coyote Import Store,City Center Plaza 516 Main St.,Elgin,OR,97827,USA
10395,HILAA,6,1996-12-26,1997-01-23,1997-01-03,184.41,HILARION-Abastos,Carrera 22 con Ave. Carlos Soublette #8-35,San Cristóbal,Táchira,5022,Venezuela
10398,SAVEA,2,1996-12-30,1997-01-27,1997-01-09,89.16,Save-a-lot Markets,187 Suffolk Ln.,Boise,ID,83720,USA
10401,RATTC,1,1997-01-01,1997-01-29,1997-01-10,12.51,Rattlesnake Canyon Grocery,2817 Milton Dr.,Albuquerque,NM,87110,USA
10405,LINOD,1,1997-01-06,1997-02-03,1997-01-22,34.82,LINO-Delicateses,Ave. 5 de Mayo Porlamar,I. de Margarita,Nueva Esparta,4980,Venezuela
10410,BOTTM,3,1997-01-10,1997-02-07,1997-01-15,2.4,Bottom-Dollar Markets,23 Tsawassen Blvd.,Tsawassen,BC,T2F 8M4,Canada
10411,BOTTM,9,1997-01-10,1997-02-07,1997-01-21,23.65,Bottom-Dollar Markets,23 Tsawassen Blvd.,Tsawassen,BC,T2F 8M4,Canada
10415,HUNGC,3,1997-01-15,1997-02-12,1997-01-24,0.2,Hungry Coyote Import Store,City Center Plaza 516 Main St.,Elgin,OR,97827,USA
10424,MEREP,7,1997-01-23,1997-02-20,1997-01-27,370.61,Mère Paillarde,43 rue St. Laurent,Montréal,Québec,H1J 1C3,Canada
10431,BOTTM,4,1997-01-30,1997-02-13,1997-02-07,44.17,Bottom-Dollar Markets,23 Tsawassen Blvd.,Tsawassen,BC,T2F 8M4,Canada
10432,SPLIR,3,1997-01-31,1997-02-14,1997-02-07,4.34,Split Rail Beer & Ale,P.O. Box 555,Lander,WY,82520,USA
10439,MEREP,6,1997-02-07,1997-03-07,1997-02-10,4.07,Mère Paillarde,43 rue St. Laurent,Montréal,Québec,H1J 1C3,Canada
10440,SAVEA,4,1997-02-10,1997-03-10,1997-02-28,86.53,Save-a-lot Markets,187 Suffolk Ln.,Boise,ID,83720,USA
10441,OLDWO,3,1997-02-10,1997-03-24,1997-03-14,73.02,Old World Delicatessen,2743 Bering St.,Anchorage,AK,99508,USA
10452,SAVEA,8,1997-02-20,1997-03-20,1997-02-26,140.26,Save-a-lot Markets,187 Suffolk Ln.,Boise,ID,83720,USA
10453,AROUT,1,1997-02-21,1997-03-21,1997-02-26,25.36,Around the Horn,Brook Farm Stratford St. Mary,Colchester,Essex,CO7 6JX,UK
10461,LILAS,1,1997-02-28,1997-03-28,1997-03-05,148.61,LILA-Supermercado,Carrera 52 con Ave. Bolívar #65-98 Llano Largo,Barquisimeto,Lara,3508,Venezuela
10469,WHITC,1,1997-03-10,1997-04-07,1997-03-14,60.18,White Clover Markets,1029 - 12th Ave. S.,Seattle,WA,98124,USA
10473,ISLAT,1,1997-03-13,1997-03-27,1997-03-21,16.37,Island Trading,Garden House Crowther Way,Cowes,Isle of Wight,PO31 7PJ,UK
10476,HILAA,8,1997-03-17,1997-04-14,1997-03-24,4.41,HILARION-Abastos,Carrera 22 con Ave. Carlos Soublette #8-35,San Cristóbal,Táchira,5022,Venezuela
10479,RATTC,3,1997-03-19,1997-04-16,1997-03-21,708.95,Rattlesnake Canyon Grocery,2817 Milton Dr.,Albuquerque,NM,87110,USA
10482,LAZYK,1,1997-03-21,1997-04-18,1997-04-10,7.48,Lazy K Kountry Store,12 Orchestra Terrace,Walla Walla,WA,99362,USA
10483,WHITC,7,1997-03-24,1997-04-21,1997-04-25,15.28,White Clover Markets,1029 - 12th Ave. S.,Seattle,WA,98124,USA
10485,LINOD,4,1997-03-25,1997-04-08,1997-03-31,64.45,LINO-Delicateses,Ave. 5 de Mayo Porlamar,I. de Margarita,Nueva Esparta,4980,Venezuela
10486,HILAA,1,1997-03-26,1997-04-23,1997-04-02,30.53,HILARION-Abastos,Carrera 22 con Ave. Carlos Soublette #8-35,San Cristóbal,Táchira,5022,Venezuela
10490,HILAA,7,1997-03-31,1997-04-28,1997-04-03,210.19,HILARION-Abastos,Carrera 22 con Ave. Carlos Soublette #8-35,San Cristóbal,Táchira,5022,Venezuela
10492,BOTTM,3,1997-04-01,1997-04-29,1997-04-11,62.89,Bottom-Dollar Markets,23 Tsawassen Blvd.,Tsawassen,BC,T2F 8M4,Canada
10495,LAUGB,3,1997-04-03,1997-05-01,1997-04-11,4.65,Laughing Bacchus Wine Cellars,2319 Elm St.,Vancouver,BC,V3F 2K1,Canada
10498,HILAA,8,1997-04-07,1997-05-05,1997-04-11,29.75,HILARION-Abastos,Carrera 22 con Ave. Carlos Soublette #8-35,San Cristóbal,Táchira,5022,Venezuela
10499,LILAS,4,1997-04-08,1997-05-06,1997-04-16,102.02,LILA-Supermercado,Carrera 52 con Ave. Bolívar #65-98 Llano Largo,Barquisimeto,Lara,3508,Venezuela
10504,WHITC,4,1997-04-11,1997-05-09,1997-04-18,59.13,White Clover Markets,1029 - 12th Ave. S.,Seattle,WA,98124,USA
10505,MEREP,3,1997-04-14,1997-05-12,1997-04-21,7.13,Mère Paillarde,43 rue St. Laurent,Montréal,Québec,H1J 1C3,Canada
10510,SAVEA,6,1997-04-18,1997-05-16,1997-04-28,367.63,Save-a-lot Markets,187 Suffolk Ln.,Boise,ID,83720,USA
10528,GREAL,6,1997-05-06,1997-05-20,1997-05-09,3.35,Great Lakes Food Market,2732 Baker Blvd.,Eugene,OR,97403,USA
10543,LILAS,8,1997-05-21,1997-06-18,1997-05-23,48.17,LILA-Supermercado,Carrera 52 con Ave. Bolívar #65-98 Llano Largo,Barquisimeto,Lara,3508,Venezuela
10544,LONEP,4,1997-05-21,1997-06-18,1997-05-30,24.91,Lonesome Pine Restaurant,89 Chiaroscuro Rd.,Portland,OR,97219,USA
10545,LAZYK,8,1997-05-22,1997-06-19,1997-06-26,11.92,Lazy K Kountry Store,12 Orchestra Terrace,Walla Walla,WA,99362,USA
10552,HILAA,2,1997-05-29,1997-06-26,1997-06-05,83.22,HILARION-Abastos,Carrera 22 con Ave. Carlos Soublette #8-35,San Cristóbal,Táchira,5022,Venezuela
10555,SAVEA,6,1997-06-02,1997-06-30,1997-06-04,252.49,Save-a-lot Markets,187 Suffolk Ln.,Boise,ID,83720,USA
10558,AROUT,1,1997-06-04,1997-07-02,1997-06-10,72.97,Around the Horn,Brook Farm Stratford St. Mary,Colchester,Essex,CO7 6JX,UK
10564,RATTC,4,1997-06-10,1997-07-08,1997-06-16,13.75,Rattlesnake Canyon Grocery,2817 Milton Dr.,Albuquerque,NM,87110,USA
10565,MEREP,8,1997-06-11,1997-07-09,1997-06-18,7.15,Mère Paillarde,43 rue St. Laurent,Montréal,Québec,H1J 1C3,Canada
10569,RATTC,5,1997-06-16,1997-07-14,1997-07-11,58.98,Rattlesnake Canyon Grocery,2817 Milton Dr.,Albuquerque,NM,87110,USA
10570,MEREP,3,1997-06-17,1997-07-15,1997-06-19,188.99,Mère Paillarde,43 rue St. Laurent,Montréal,Québec,H1J 1C3,Canada
10574,TRAIH,4,1997-06-19,1997-07-17,1997-06-30,37.6,Trail's Head Gourmet Provisioners,722 DaVinci Blvd.,Kirkland,WA,98034,USA
10577,TRAIH,9,1997-06-23,1997-08-04,1997-06-30,25.41,Trail's Head Gourmet Provisioners,722 DaVinci Blvd.,Kirkland,WA,98034,USA
10579,LETSS,1,1997-06-25,1997-07-23,1997-07-04,13.73,Let's Stop N Shop,87 Polk St. Suite 5,San Francisco,CA,94117,USA
10589,GREAL,8,1997-07-04,1997-08-01,1997-07-14,4.42,Great Lakes Food Market,2732 Baker Blvd.,Eugene,OR,97403,USA
10590,MEREP,4,1997-07-07,1997-08-04,1997-07-14,44.77,Mère Paillarde,43 rue St. Laurent,Montréal,Québec,H1J 1C3,Canada
10594,OLDWO,3,1997-07-09,1997-08-06,1997-07-16,5.24,Old World Delicatessen,2743 Bering St.,Anchorage,AK,99508,USA
10596,WHITC,8,1997-07-11,1997-08-08,1997-08-12,16.34,White Clover Markets,1029 - 12th Ave. S.,Seattle,WA,98124,USA
10598,RATTC,1,1997-07-14,1997-08-11,1997-07-18,44.42,Rattlesnake Canyon Grocery,2817 Milton Dr.,Albuquerque,NM,87110,USA
10600,HUNGC,4,1997-07-16,1997-08-13,1997-07-21,45.13,Hungry Coyote Import Store,City Center Plaza 516 Main St.,Elgin,OR,97827,USA
10601,HILAA,7,1997-07-16,1997-08-27,1997-07-22,58.3,HILARION-Abastos,Carrera 22 con Ave. Carlos Soublette #8-35,San Cristóbal,Táchira,5022,Venezuela
10603,SAVEA,8,1997-07-18,1997-08-15,1997-08-08,48.77,Save-a-lot Markets,187 Suffolk Ln.,Boise,ID,83720,USA
10605,MEREP,1,1997-07-21,1997-08-18,1997-07-29,379.13,Mère Paillarde,43 rue St. Laurent,Montréal,Québec,H1J 1C3,Canada
10607,SAVEA,5,1997-07-22,1997-08-19,1997-07-25,200.24,Save-a-lot Markets,187 Suffolk Ln.,Boise,ID,83720,USA
10612,SAVEA,1,1997-07-28,1997-08-25,1997-08-01,544.08,Save-a-lot Markets,187 Suffolk Ln.,Boise,ID,83720,USA
10613,HILAA,4,1997-07-29,1997-08-26,1997-08-01,8.11,HILARION-Abastos,Carrera 22 con Ave. Carlos Soublette #8-35,San Cristóbal,Táchira,5022,Venezuela
10616,GREAL,1,1997-07-31,1997-08-28,1997-08-05,116.53,Great Lakes Food Market,2732 Baker Blvd.,Eugene,OR,97403,USA
10617,GREAL,4,1997-07-31,1997-08-28,1997-08-04,18.53,Great Lakes Food Market,2732 Baker Blvd.,Eugene,OR,97403,USA
10618,MEREP,1,1997-08-01,1997-09-12,1997-08-08,154.68,Mère Paillarde,43 rue St. Laurent,Montréal,Québec,H1J 1C3,Canada
10619,MEREP,3,1997-08-04,1997-09-01,1997-08-07,91.05,Mère Paillarde,43 rue St. Laurent,Montréal,Québec,H1J 1C3,Canada
10620,LAUGB,2,1997-08-05,1997-09-02,1997-08-14,0.94,Laughing Bacchus Wine Cellars,2319 Elm St.,Vancouver,BC,V3F 2K1,Canada
10621,ISLAT,4,1997-08-05,1997-09-02,1997-08-11,23.73,Island Trading,Garden House Crowther Way,Cowes,Isle of Wight,PO31 7PJ,UK
10624,THECR,4,1997-08-07,1997-09-04,1997-08-19,94.8,The Cracker Box,55 Grizzly Peak Rd.,Butte,MT,59801,USA
10627,SAVEA,8,1997-08-11,1997-09-22,1997-08-21,107.46,Save-a-lot Markets,187 Suffolk Ln.,Boise,ID,83720,USA
10638,LINOD,3,1997-08-20,1997-09-17,1997-09-01,158.44,LINO-Delicateses,Ave. 5 de Mayo Porlamar,I. de Margarita,Nueva Esparta,4980,Venezuela
10641,HILAA,4,1997-08-22,1997-09-19,1997-08-26,179.61,HILARION-Abastos,Carrera 22 con Ave. Carlos Soublette #8-35,San Cristóbal,Táchira,5022,Venezuela
10656,GREAL,6,1997-09-04,1997-10-02,1997-09-10,57.15,Great Lakes Food Market,2732 Baker Blvd.,Eugene,OR,97403,USA
10657,SAVEA,2,1997-09-04,1997-10-02,1997-09-15,352.69,Save-a-lot Markets,187 Suffolk Ln.,Boise,ID,83720,USA
10660,HUNGC,8,1997-09-08,1997-10-06,1997-10-15,111.29,Hungry Coyote Import Store,City Center Plaza 516 Main St.,Elgin,OR,97827,USA
10662,LONEP,3,1997-09-09,1997-10-07,1997-09-18,1.28,Lonesome Pine Restaurant,89 Chiaroscuro Rd.,Portland,OR,97219,USA
10665,LONEP,1,1997-09-11,1997-10-09,1997-09-17,26.31,Lonesome Pine Restaurant,89 Chiaroscuro Rd.,Portland,OR,97219,USA
10674,ISLAT,4,1997-09-18,1997-10-16,1997-09-30,0.9,Island Trading,Garden House Crowther Way,Cowes,Isle of Wight,PO31 7PJ,UK
10678,SAVEA,7,1997-09-23,1997-10-21,1997-10-16,388.98,Save-a-lot Markets,187 Suffolk Ln.,Boise,ID,83720,USA
10680,OLDWO,1,1997-09-24,1997-10-22,1997-09-26,26.61,Old World Delicatessen,2743 Bering St.,Anchorage,AK,99508,USA
10681,GREAL,3,1997-09-25,1997-10-23,1997-09-30,76.13,Great Lakes Food Market,2732 Baker Blvd.,Eugene,OR,97403,USA
10693,WHITC,3,1997-10-06,1997-10-20,1997-10-10,139.34,White Clover Markets,1029 - 12th Ave. S.,Seattle,WA,98124,USA
10696,WHITC,8,1997-10-08,1997-11-19,1997-10-14,102.55,White Clover Markets,1029 - 12th Ave. S.,Seattle,WA,98124,USA
10697,LINOD,3,1997-10-08,1997-11-05,1997-10-14,45.52,LINO-Delicateses,Ave. 5 de Mayo Porlamar,I. de Margarita,Nueva Esparta,4980,Venezuela
10700,SAVEA,3,1997-10-10,1997-11-07,1997-10-16,65.1,Save-a-lot Markets,187 Suffolk Ln.,Boise,ID,83720,USA
10705,HILAA,9,1997-10-15,1997-11-12,1997-11-18,3.52,HILARION-Abastos,Carrera 22 con Ave. Carlos Soublette #8-35,San Cristóbal,Táchira,5022,Venezuela
10706,OLDWO,8,1997-10-16,1997-11-13,1997-10-21,135.63,Old World Delicatessen,2743 Bering St.,Anchorage,AK,99508,USA
10707,AROUT,4,1997-10-16,1997-10-30,1997-10-23,21.74,Around the Horn,Brook Farm Stratford St. Mary,Colchester,Essex,CO7 6JX,UK
10708,THEBI,6,1997-10-17,1997-11-28,1997-11-05,2.96,The Big Cheese,89 Jefferson Way Suite 2,Portland,OR,97201,USA
10711,SAVEA,5,1997-10-21,1997-12-02,1997-10-29,52.41,Save-a-lot Markets,187 Suffolk Ln.,Boise,ID,83720,USA
10713,SAVEA,1,1997-10-22,1997-11-19,1997-10-24,167.05,Save-a-lot Markets,187 Suffolk Ln.,Boise,ID,83720,USA
10714,SAVEA,5,1997-10-22,1997-11-19,1997-10-27,24.49,Save-a-lot Markets,187 Suffolk Ln.,Boise,ID,83720,USA
10719,LETSS,8,1997-10-27,1997-11-24,1997-11-05,51.44,Let's Stop N Shop,87 Polk St. Suite 5,San Francisco,CA,94117,USA
10722,SAVEA,8,1997-10-29,1997-12-10,1997-11-04,74.58,Save-a-lot Markets,187 Suffolk Ln.,Boise,ID,83720,USA
10723,WHITC,3,1997-10-30,1997-11-27,1997-11-25,21.72,White Clover Markets,1029 - 12th Ave. S.,Seattle,WA,98124,USA
10724,MEREP,8,1997-10-30,1997-12-11,1997-11-05,57.75,Mère Paillarde,43 rue St. Laurent,Montréal,Québec,H1J 1C3,Canada
10729,LINOD,8,1997-11-04,1997-12-16,1997-11-14,141.06,LINO-Delicateses,Ave. 5 de Mayo Porlamar,I. de Margarita,Nueva Esparta,4980,Venezuela
10735,LETSS,6,1997-11-10,1997-12-08,1997-11-21,45.97,Let's Stop N Shop,87 Polk St. Suite 5,San Francisco,CA,94117,USA
10740,WHITC,4,1997-11-13,1997-12-11,1997-11-25,81.88,White Clover Markets,1029 - 12th Ave. S.,Seattle,WA,98124,USA
10741,AROUT,4,1997-11-14,1997-11-28,1997-11-18,10.96,Around the Horn,Brook Farm Stratford St. Mary,Colchester,Essex,CO7 6JX,UK
10742,BOTTM,3,1997-11-14,1997-12-12,1997-11-18,243.73,Bottom-Dollar Markets,23 Tsawassen Blvd.,Tsawassen,BC,T2F 8M4,Canada
10743,AROUT,1,1997-11-17,1997-12-15,1997-11-21,23.72,Around the Horn,Brook Farm Stratford St. Mary,Colchester,Essex,CO7 6JX,UK
10748,SAVEA,3,1997-11-20,1997-12-18,1997-11-28,232.55,Save-a-lot Markets,187 Suffolk Ln.,Boise,ID,83720,USA
10749,ISLAT,4,1997-11-20,1997-12-18,1997-12-19,61.53,Island Trading,Garden House Crowther Way,Cowes,Isle of Wight,PO31 7PJ,UK
10756,SPLIR,8,1997-11-27,1997-12-25,1997-12-02,73.21,Split Rail Beer & Ale,P.O. Box 555,Lander,WY,82520,USA
10757,SAVEA,6,1997-11-27,1997-12-25,1997-12-15,8.19,Save-a-lot Markets,187 Suffolk Ln.,Boise,ID,83720,USA
10761,RATTC,5,1997-12-02,1997-12-30,1997-12-08,18.66,Rattlesnake Canyon Grocery,2817 Milton Dr.,Albuquerque,NM,87110,USA
10768,AROUT,3,1997-12-08,1998-01-05,1997-12-15,146.32,Around the Horn,Brook Farm Stratford St. Mary,Colchester,Essex,CO7 6JX,UK
10775,THECR,7,1997-12-12,1998-01-09,1997-12-26,20.25,The Cracker Box,55 Grizzly Peak Rd.,Butte,MT,59801,USA
10780,LILAS,2,1997-12-16,1997-12-30,1997-12-25,42.13,LILA-Supermercado,Carrera 52 con Ave. Bolívar #65-98 Llano Largo,Barquisimeto,Lara,3508,Venezuela
10785,GROSR,1,1997-12-18,1998-01-15,1997-12-24,1.51,GROSELLA-Restaurante,5ª Ave. Los Palos Grandes,Caracas,DF,1081,Venezuela
10793,AROUT,3,1997-12-24,1998-01-21,1998-01-08,4.52,Around the Horn,Brook Farm Stratford St. Mary,Colchester,Essex,CO7 6JX,UK
10796,HILAA,3,1997-12-25,1998-01-22,1998-01-14,26.52,HILARION-Abastos,Carrera 22 con Ave. Carlos Soublette #8-35,San Cristóbal,Táchira,5022,Venezuela
10798,ISLAT,2,1997-12-26,1998-01-23,1998-01-05,2.33,Island Trading,Garden House Crowther Way,Cowes,Isle of Wight,PO31 7PJ,UK
10805,THEBI,2,1997-12-30,1998-01-27,1998-01-09,237.34,The Big Cheese,89 Jefferson Way Suite 2,Portland,OR,97201,USA
10808,OLDWO,2,1998-01-01,1998-01-29,1998-01-09,45.53,Old World Delicatessen,2743 Bering St.,Anchorage,AK,99508,USA
10810,LAUGB,2,1998-01-01,1998-01-29,1998-01-07,4.33,Laughing Bacchus Wine Cellars,2319 Elm St.,Vancouver,BC,V3F 2K1,Canada
10811,LINOD,8,1998-01-02,1998-01-30,1998-01-08,31.22,LINO-Delicateses,Ave. 5 de Mayo Porlamar,I. de Margarita,Nueva Esparta,4980,Venezuela
10815,SAVEA,2,1998-01-05,1998-02-02,1998-01-14,14.62,Save-a-lot Markets,187 Suffolk Ln.,Boise,ID,83720,USA
10816,GREAL,4,1998-01-06,1998-02-03,1998-02-04,719.78,Great Lakes Food Market,2732 Baker Blvd.,Eugene,OR,97403,USA
10820,RATTC,3,1998-01-07,1998-02-04,1998-01-13,37.52,Rattlesnake Canyon Grocery,2817 Milton Dr.,Albuquerque,NM,87110,USA
10821,SPLIR,1,1998-01-08,1998-02-05,1998-01-15,36.68,Split Rail Beer & Ale,P.O. Box 555,Lander,WY,82520,USA
10822,TRAIH,6,1998-01-08,1998-02-05,1998-01-16,7.0,Trail's Head Gourmet Provisioners,722 DaVinci Blvd.,Kirkland,WA,98034,USA
10823,LILAS,5,1998-01-09,1998-02-06,1998-01-13,163.97,LILA-Supermercado,Carrera 52 con Ave. Bolívar #65-98 Llano Largo,Barquisimeto,Lara,3508,Venezuela
10829,ISLAT,9,1998-01-13,1998-02-10,1998-01-23,154.72,Island Trading,Garden House Crowther Way,Cowes,Isle of Wight,PO31 7PJ,UK
10838,LINOD,3,1998-01-19,1998-02-16,1998-01-23,59.28,LINO-Delicateses,Ave. 5 de Mayo Porlamar,I. de Margarita,Nueva Esparta,4980,Venezuela
10840,LINOD,4,1998-01-19,1998-03-02,1998-02-16,2.71,LINO-Delicateses,Ave. 5 de Mayo Porlamar,I. de Margarita,Nueva Esparta,4980,Venezuela
10847,SAVEA,4,1998-01-22,1998-02-05,1998-02-10,487.57,Save-a-lot Markets,187 Suffolk Ln.,Boise,ID,83720,USA
10852,RATTC,8,1998-01-26,1998-02-09,1998-01-30,174.05,Rattlesnake Canyon Grocery,2817 Milton Dr.,Albuquerque,NM,87110,USA
10855,OLDWO,3,1998-01-27,1998-02-24,1998-02-04,170.97,Old World Delicatessen,2743 Bering St.,Anchorage,AK,99508,USA
10861,WHITC,4,1998-01-30,1998-02-27,1998-02-17,14.93,White Clover Markets,1029 - 12th Ave. S.,Seattle,WA,98124,USA
10863,HILAA,4,1998-02-02,1998-03-02,1998-02-17,30.26,HILARION-Abastos,Carrera 22 con Ave. Carlos Soublette #8-35,San Cristóbal,Táchira,5022,Venezuela
10864,AROUT,4,1998-02-02,1998-03-02,1998-02-09,3.04,Around the Horn,Brook Farm Stratford St. Mary,Colchester,Essex,CO7 6JX,UK
10867,LONEP,6,1998-02-03,1998-03-17,1998-02-11,1.93,Lonesome Pine Restaurant,89 Chiaroscuro Rd.,Portland,OR,97219,USA
10882,SAVEA,4,1998-02-11,1998-03-11,1998-02-20,23.1,Save-a-lot Markets,187 Suffolk Ln.,Boise,ID,83720,USA
10883,LONEP,8,1998-02-12,1998-03-12,1998-02-20,0.53,Lonesome Pine Restaurant,89 Chiaroscuro Rd.,Portland,OR,97219,USA
10884,LETSS,4,1998-02-12,1998-03-12,1998-02-13,90.97,Let's Stop N Shop,87 Polk St. Suite 5,San Francisco,CA,94117,USA
10889,RATTC,9,1998-02-16,1998-03-16,1998-02-23,280.61,Rattlesnake Canyon Grocery,2817 Milton Dr.,Albuquerque,NM,87110,USA
10894,SAVEA,1,1998-02-18,1998-03-18,1998-02-20,116.13,Save-a-lot Markets,187 Suffolk Ln.,Boise,ID,83720,USA
10899,LILAS,5,1998-02-20,1998-03-20,1998-02-26,1.21,LILA-Supermercado,Carrera 52 con Ave. Bolívar #65-98 Llano Largo,Barquisimeto,Lara,3508,Venezuela
10901,HILAA,4,1998-02-23,1998-03-23,1998-02-26,62.09,HILARION-Abastos,Carrera 22 con Ave. Carlos Soublette #8-35,San Cristóbal,Táchira,5022,Venezuela
10904,WHITC,3,1998-02-24,1998-03-24,1998-02-27,162.95,White Clover Markets,1029 - 12th Ave. S.,Seattle,WA,98124,USA
10918,BOTTM,3,1998-03-02,1998-03-30,1998-03-11,48.83,Bottom-Dollar Markets,23 Tsawassen Blvd.,Tsawassen,BC,T2F 8M4,Canada
10919,LINOD,2,1998-03-02,1998-03-30,1998-03-04,19.8,LINO-Delicateses,Ave. 5 de Mayo Porlamar,I. de Margarita,Nueva Esparta,4980,Venezuela
10920,AROUT,4,1998-03-03,1998-03-31,1998-03-09,29.61,Around the Horn,Brook Farm Stratford St. Mary,Colchester,Essex,CO7 6JX,UK
10933,ISLAT,6,1998-03-06,1998-04-03,1998-03-16,54.15,Island Trading,Garden House Crowther Way,Cowes,Isle of Wight,PO31 7PJ,UK
10936,GREAL,3,1998-03-09,1998-04-06,1998-03-18,33.68,Great Lakes Food Market,2732 Baker Blvd.,Eugene,OR,97403,USA
10941,SAVEA,7,1998-03-11,1998-04-08,1998-03-20,400.81,Save-a-lot Markets,187 Suffolk Ln.,Boise,ID,83720,USA
10944,BOTTM,6,1998-03-12,1998-03-26,1998-03-13,52.92,Bottom-Dollar Markets,23 Tsawassen Blvd.,Tsawassen,BC,T2F 8M4,Canada
10949,BOTTM,2,1998-03-13,1998-04-10,1998-03-17,74.44,Bottom-Dollar Markets,23 Tsawassen Blvd.,Tsawassen,BC,T2F 8M4,Canada
10953,AROUT,9,1998-03-16,1998-03-30,1998-03-25,23.72,Around the Horn,Brook Farm Stratford St. Mary,Colchester,Essex,CO7 6JX,UK
10954,LINOD,5,1998-03-17,1998-04-28,1998-03-20,27.91,LINO-Delicateses,Ave. 5 de Mayo Porlamar,I. de Margarita,Nueva Esparta,4980,Venezuela
10957,HILAA,8,1998-03-18,1998-04-15,1998-03-27,105.36,HILARION-Abastos,Carrera 22 con Ave. Carlos Soublette #8-35,San Cristóbal,Táchira,5022,Venezuela
10960,HILAA,3,1998-03-19,1998-04-02,1998-04-08,2.08,HILARION-Abastos,Carrera 22 con Ave. Carlos Soublette #8-35,San Cristóbal,Táchira,5022,Venezuela
10965,OLDWO,6,1998-03-20,1998-04-17,1998-03-30,144.38,Old World Delicatessen,2743 Bering St.,Anchorage,AK,99508,USA
10974,SPLIR,3,1998-03-25,1998-04-08,1998-04-03,12.96,Split Rail Beer & Ale,P.O. Box 555,Lander,WY,82520,USA
10975,BOTTM,1,1998-03-25,1998-04-22,1998-03-27,32.27,Bottom-Dollar Markets,23 Tsawassen Blvd.,Tsawassen,BC,T2F 8M4,Canada
10976,HILAA,1,1998-03-25,1998-05-06,1998-04-03,37.97,HILARION-Abastos,Carrera 22 con Ave. Carlos Soublette #8-35,San Cristóbal,Táchira,5022,Venezuela
10982,BOTTM,2,1998-03-27,1998-04-24,1998-04-08,14.01,Bottom-Dollar Markets,23 Tsawassen Blvd.,Tsawassen,BC,T2F 8M4,Canada
10983,SAVEA,2,1998-03-27,1998-04-24,1998-04-06,657.54,Save-a-lot Markets,187 Suffolk Ln.,Boise,ID,83720,USA
10984,SAVEA,1,1998-03-30,1998-04-27,1998-04-03,211.22,Save-a-lot Markets,187 Suffolk Ln.,Boise,ID,83720,USA
10988,RATTC,3,1998-03-31,1998-04-28,1998-04-10,61.14,Rattlesnake Canyon Grocery,2817 Milton Dr.,Albuquerque,NM,87110,USA
10992,THEBI,1,1998-04-01,1998-04-29,1998-04-03,4.27,The Big Cheese,89 Jefferson Way Suite 2,Portland,OR,97201,USA
10997,LILAS,8,1998-04-03,1998-05-15,1998-04-13,73.91,LILA-Supermercado,Carrera 52 con Ave. Bolívar #65-98 Llano Largo,Barquisimeto,Lara,3508,Venezuela
11000,RATTC,2,1998-04-06,1998-05-04,1998-04-14,55.12,Rattlesnake Canyon Grocery,2817 Milton Dr.,Albuquerque,NM,87110,USA
11002,SAVEA,4,1998-04-06,1998-05-04,1998-04-16,141.16,Save-a-lot Markets,187 Suffolk Ln.,Boise,ID,83720,USA
11003,THECR,3,1998-04-06,1998-05-04,1998-04-08,14.91,The Cracker Box,55 Grizzly Peak Rd.,Butte,MT,59801,USA
11006,GREAL,3,1998-04-07,1998-05-05,1998-04-15,25.19,Great Lakes Food Market,2732 Baker Blvd.,Eugene,OR,97403,USA
11014,LINOD,2,1998-04-10,1998-05-08,1998-04-15,23.6,LINO-Delicateses,Ave. 5 de Mayo Porlamar,I. de Margarita,Nueva Esparta,4980,Venezuela
11016,AROUT,9,1998-04-10,1998-05-08,1998-04-13,33.8,Around the Horn,Brook Farm Stratford St. Mary,Colchester,Essex,CO7 6JX,UK
11018,LONEP,4,1998-04-13,1998-05-11,1998-04-16,11.65,Lonesome Pine Restaurant,89 Chiaroscuro Rd.,Portland,OR,97219,USA
11027,BOTTM,1,1998-04-16,1998-05-14,1998-04-20,52.52,Bottom-Dollar Markets,23 Tsawassen Blvd.,Tsawassen,BC,T2F 8M4,Canada
11030,SAVEA,7,1998-04-17,1998-05-15,1998-04-27,830.75,Save-a-lot Markets,187 Suffolk Ln.,Boise,ID,83720,USA
11031,SAVEA,6,1998-04-17,1998-05-15,1998-04-24,227.22,Save-a-lot Markets,187 Suffolk Ln.,Boise,ID,83720,USA
11032,WHITC,2,1998-04-17,1998-05-15,1998-04-23,606.19,White Clover Markets,1029 - 12th Ave. S.,Seattle,WA,98124,USA
11034,OLDWO,8,1998-04-20,1998-06-01,1998-04-27,40.32,Old World Delicatessen,2743 Bering St.,Anchorage,AK,99508,USA
11048,BOTTM,7,1998-04-24,1998-05-22,1998-04-30,24.12,Bottom-Dollar Markets,23 Tsawassen Blvd.,Tsawassen,BC,T2F 8M4,Canada
11055,HILAA,7,1998-04-28,1998-05-26,1998-05-05,120.92,HILARION-Abastos,Carrera 22 con Ave. Carlos Soublette #8-35,San Cristóbal,Táchira,5022,Venezuela
11064,SAVEA,1,1998-05-01,1998-05-29,1998-05-04,30.09,Save-a-lot Markets,187 Suffolk Ln.,Boise,ID,83720,USA
11066,WHITC,7,1998-05-01,1998-05-29,1998-05-04,44.72,White Clover Markets,1029 - 12th Ave. S.,Seattle,WA,98124,USA
