sales_id,product_id
10643,ALFKI
10308,ANATR
10365,ANTON
10355,AROUT
10278,BERGS
10501,BLAUS
10265,BLONP
10326,BOLID
10331,BONAP
10389,BOTTM
10289,BSBEV
10521,CACTU
10259,CENTC
10254,CHOPS
10290,COMMI
10435,CONSH
10363,DRACD
10311,DUMON
10364,EASTC
10258,ERNSH
10347,FAMIA
10408,FOLIG
10264,FOLKO
10267,FRANK
10671,FRANR
10422,FRANS
10328,FURIB
10366,GALED
10303,GODOS
10423,GOURL
10528,GREAL
10268,GROSR
10250,HANAR
10257,HILAA
10375,HUNGC
10298,HUNGO
10315,ISLAT
10323,KOENE
10858,LACOR
10350,LAMAI
10495,LAUGB
10482,LAZYK
10279,LEHMS
10579,LETSS
10283,LILAS
10405,LINOD
10307,LONEP
10275,MAGAA
10529,MAISD
10332,MEREP
10277,MORGK
10517,NORTS
10409,OCEAN
10305,OLDWO
10260,OTTIK
10322,PERIC
10353,PICCO
10336,PRINI
10261,QUEDE
10372,QUEEN
10273,QUICK
10448,RANCH
10262,RATTC
10288,REGGC
10287,RICAR
10255,RICSU
10281,ROMEY
10387,SANTG
10324,SAVEA
10359,SEVES
10341,SIMOB
10738,SPECD
10271,SPLIR
10252,SUPRD
10310,THEBI
10624,THECR
10249,TOMSP
10276,TORTU
10292,TRADH
10574,TRAIH
10367,VAFFE
10251,VICTE
10248,VINET
10301,WANDK
10266,WARTH
10256,WELLI
10269,WHITC
10615,WILMK
10374,WOLZA
