customer_id,company_name,contact_name,contact_title,address,city,region,postal_code,country,phone,fax
BOTTM,Bottom-Dollar Markets,Elizabeth Lincoln,Accounting Manager,23 Tsawassen Blvd.,Tsawassen,BC,T2F 8M4,Canada,(604) 555-4729,(604) 555-3745
GROSR,GROSELLA-Restaurante,Manuel Pereira,Owner,5ª Ave. Los Palos Grandes,Caracas,DF,1081,Venezuela,(2) 283-2951,(2) 283-3397
HILAA,HILARION-Abastos,Carlos Hernández,Sales Representative,Carrera 22 con Ave. Carlos Soublette #8-35,San Cristóbal,Táchira,5022,Venezuela,(5) 555-1340,(5) 555-1948
HUNGC,Hungry Coyote Import Store,Yoshi Latimer,Sales Representative,City Center Plaza 516 Main St.,Elgin,OR,97827,USA,(503) 555-6874,(503) 555-2376
LAUGB,Laughing Bacchus Wine Cellars,Yoshi Tannamuri,Marketing Assistant,1900 Oak St.,Vancouver,BC,V3F 2K1,Canada,(604) 555-3392,(604) 555-7293
LAZYK,Lazy K Kountry Store,John Steel,Marketing Manager,12 Orchestra Terrace,Walla Walla,WA,99362,USA,(509) 555-7969,(509) 555-6221
LILAS,LILA-Supermercado,Carlos González,Accounting Manager,Carrera 52 con Ave. Bolívar #65-98 Llano Largo,Barquisimeto,Lara,3508,Venezuela,(9) 331-6954,(9) 331-7256
LINOD,LINO-Delicateses,Felipe Izquierdo,Owner,Ave. 5 de Mayo Porlamar,I. de Margarita,Nueva Esparta,4980,Venezuela,(8) 34-56-12,(8) 34-93-93
LONEP,Lonesome Pine Restaurant,Fran Wilson,Sales Manager,89 Chiaroscuro Rd.,Portland,OR,97219,USA,(503) 555-9573,(503) 555-9646
MEREP,Mère Paillarde,Jean Fresnière,Marketing Assistant,43 rue St. Laurent,Montréal,Québec,H1J 1C3,Canada,(514) 555-8054,(514) 555-8055
OLDWO,Old World Delicatessen,Rene Phillips,Sales Representative,2743 Bering St.,Anchorage,AK,99508,USA,(907) 555-7584,(907) 555-2880
RATTC,Rattlesnake Canyon Grocery,Paula Wilson,Assistant Sales Representative,2817 Milton Dr.,Albuquerque,NM,87110,USA,(505) 555-5939,(505) 555-3620
SPLIR,Split Rail Beer & Ale,Art Braunschweiger,Sales Manager,P.O. Box 555,Lander,WY,82520,USA,(307) 555-4680,(307) 555-6525
THECR,The Cracker Box,Liu Wong,Marketing Assistant,55 Grizzly Peak Rd.,Butte,MT,59801,USA,(406) 555-5834,(406) 555-8083
TRAIH,Trail's Head Gourmet Provisioners,Helvetius Nagy,Sales Associate,722 DaVinci Blvd.,Kirkland,WA,98034,USA,(206) 555-8257,(206) 555-2174
WHITC,White Clover Markets,Karl Jablonski,Owner,305 - 14th Ave. S. Suite 3B,Seattle,WA,98128,USA,(206) 555-4112,(206) 555-4115
